<?xml version="1.0" encoding="UTF-8"?>
<repox:exportedRecords set="000002" batchsize="1" total="6" xmlns:repox="http://repox.ist.utl.pt">
    <repox:record id="oai:the.european.library.000002:9b17eb98-acaf-4e69-939c-ba4166801391"
        timestamp="2016-05-09">
        <repox:metadata>
            <record xmlns:rdaGr2="http://rdvocab.info/ElementsGr2/"
                xmlns:doap="http://usefulinc.com/ns/doap#"
                xmlns:oai="http://www.openarchives.org/OAI/2.0/"
                xmlns:sch="http://purl.oclc.org/dsdl/schematron"
                xmlns:xsi="http://www.w3.org/2001/XMLSchema-instance"
                xmlns:skos="http://www.w3.org/2004/02/skos/core#"
                xmlns:owl="http://www.w3.org/2002/07/owl#" xmlns:foaf="http://xmlns.com/foaf/0.1/"
                xmlns:odrl="http://www.w3.org/ns/odrl/2/"
                xmlns:edm="http://www.europeana.eu/schemas/edm/"
                xmlns:dc="http://purl.org/dc/elements/1.1/"
                xmlns:ore="http://www.openarchives.org/ore/terms/"
                xmlns:wgs84_pos="http://www.w3.org/2003/01/geo/wgs84_pos#"
                xmlns:dcterms="http://purl.org/dc/terms/"
                xmlns:rdf="http://www.w3.org/1999/02/22-rdf-syntax-ns#"
                xmlns:wdrs="http://www.w3.org/2007/05/powder-s#"
                xmlns:dcat="http://www.w3.org/ns/dcat#" xmlns:adms="http://www.w3.org/ns/adms#"
                xmlns:cc="http://creativecommons.org/ns#"
                xmlns:svcs="http://rdfs.org/sioc/services#">
                <edm:ProvidedCHO rdf:about="#UEDIN:214">
                    <dc:contributor>CHO - dc:contributor</dc:contributor>
                    <dc:coverage>CHO - dc:coverage</dc:coverage>
                    <dc:creator>Courtois neveu aîné</dc:creator>
                    <dc:creator rdf:resource="http://www.mimo-db.eu/InstrumentMaker/Corporation/194"/>
                    <dc:date>Circa 1930</dc:date>
                    <dc:description xml:lang="fr">Technical description: Brass; ligature fitting on
                        bell section at joint; stockings on main slides. Bell with one coil, angled
                        to face forwards. Repair History: Main slide possibly not original (tenon of
                        slide section of joint is tapered, bell section joint for cylindrical
                        tenon).</dc:description>
                    <dc:format>CHO - dc:format</dc:format>
                    <dc:identifier>#UEDIN:214</dc:identifier>
                    <dc:language>N/A</dc:language>
                    <dc:publisher>CHO - dc:publisher</dc:publisher>
                    <dc:relation>CHO - dc:relation</dc:relation>
                    <dc:rights>CHO - dc:rights</dc:rights>
                    <dc:source>CHO - dc:source</dc:source>
                    <dc:subject>music</dc:subject>
                    <dc:subject>ivory</dc:subject>
                    <dc:subject xml:lang="en">steel</dc:subject>
                    <dc:title xml:lang="fr">Buccin trombone. Nominal pitch: B?.</dc:title>
                    <dc:type rdf:resource="http://www.mimo-db.eu/InstrumentsKeywords/4378"/>
                    <dc:type rdf:resource="http://www.mimo-db.eu/HornbostelAndSachs/356"/>
                    <dcterms:alternative>THIS IS A TEST OBJECT</dcterms:alternative>
                    <dcterms:conformsTo>CHO - dcterms:conformsTo</dcterms:conformsTo>
                    <dcterms:created rdf:resource="http://www.example.com/time/1930"/>
                    <dcterms:extent>CHO - dcterms:extent</dcterms:extent>
                    <dcterms:hasFormat>CHO - dcterms:hasFormat</dcterms:hasFormat>
                    <dcterms:hasPart>CHO - dcterms:hasPart</dcterms:hasPart>
                    <dcterms:hasPart rdf:resource="http://CHO-edm-hasPart"/>
                    <dcterms:hasVersion>CHO - dcterms:hasVersion</dcterms:hasVersion>
                    <dcterms:isFormatOf>CHO - dcterms:isFormatOf</dcterms:isFormatOf>
                    <dcterms:isPartOf>collection de Buccin Trombone</dcterms:isPartOf>
                    <dcterms:isPartOf rdf:resource="http://CHO-edm-isPartOf"/>
                    <dcterms:isReferencedBy>CHO - dcterms:isReferencedBy</dcterms:isReferencedBy>
                    <dcterms:isReplacedBy>CHO - dcterms:isReplacedBy</dcterms:isReplacedBy>
                    <dcterms:isRequiredBy>CHO - dcterms:isRequiredBy</dcterms:isRequiredBy>
                    <dcterms:issued>CHO - dcterms:issued</dcterms:issued>
                    <dcterms:issued>1931</dcterms:issued>
                    <dcterms:isVersionOf>CHO - dcterms:isVersionOf</dcterms:isVersionOf>
                    <dcterms:medium xml:lang="en">copper</dcterms:medium>
                    <dcterms:medium xml:lang="en">ivory</dcterms:medium>
                    <dcterms:provenance>CHO - dcterms:provenance</dcterms:provenance>
                    <dcterms:references>CHO - dcterms:references</dcterms:references>
                    <dcterms:replaces>CHO - dcterms:replaces</dcterms:replaces>
                    <dcterms:requires>dcterms:requires</dcterms:requires>
                    <dcterms:spatial xml:lang="fr">France</dcterms:spatial>
                    <dcterms:spatial rdf:resource="http://sws.geonames.org/3017382/"/>
                    <dcterms:spatial xml:lang="fr">Amsterdam</dcterms:spatial>
                    <dcterms:tableOfContents>CHO - dcterms:tableOfContents</dcterms:tableOfContents>
                    <dcterms:temporal>CHO - dcterms:temporal</dcterms:temporal>
                    <edm:currentLocation rdf:resource="http://dummylocation.com"/>
                    <edm:hasMet rdf:resource="http://CHO-edm-hasMet"/>
                    <edm:hasType>CHO - edm:hasType</edm:hasType>
                    <edm:incorporates rdf:resource="http://CHO-edm-incorporates"/>
                    <edm:isDerivativeOf rdf:resource="http://CHO-edm-isDerivativeOf"/>
                    <edm:isNextInSequence rdf:resource="http://CHO-edm-isNextInSequence.eu"/>
                    <edm:isRelatedTo>CHO - edm:isRelatedTo</edm:isRelatedTo>
                    <edm:isRepresentationOf rdf:resource="http://CHO-edm-isRepresentationOf.eu"/>
                    <edm:isSimilarTo
                        rdf:resource="http://www.europeana.eu/portal/record/09102/0E7F90A47D31DED526827F41F62B2C20B4522B12.html"/>
                    <edm:isSuccessorOf rdf:resource="http://CHO-edm-isSuccessorOf.eu"/>
                    <edm:realizes rdf:resource="http://CHO-edm-realizes.eu"/>
                    <edm:type>IMAGE</edm:type>
                    <owl:sameAs rdf:resource="http://CHO-owl-sameAs.eu"/>
                </edm:ProvidedCHO>
                <edm:WebResource rdf:about="http://www.mimo-db.eu/media/UEDIN/VIDEO/0032195v.mpg">
                    <dc:creator>WebResource - dc:creator</dc:creator>
                    <dc:description>Performance with Buccin Trombone</dc:description>
                    <dc:format>MPG format</dc:format>
                    <dc:rights>WebResource - dc:rights</dc:rights>
                    <dc:source>video tape</dc:source>
                    <dcterms:conformsTo>WebResource - dcterms:conformsTo</dcterms:conformsTo>
                    <dcterms:created>2010</dcterms:created>
                    <dcterms:extent>10 minutes</dcterms:extent>
                    <dcterms:hasPart rdf:resource="http://WebResource-edm-hasPart"/>
                    <dcterms:isFormatOf>WebResource - dcterms:isFormatOf</dcterms:isFormatOf>
                    <dcterms:isPartOf rdf:resource="http://WebResource-edm-isPartOf"/>
                    <dcterms:issued>WebResource - dcterms:issued</dcterms:issued>
                    <edm:isNextInSequence rdf:resource="http://WebResource-edm-isNextInSequence.eu"/>
                    <edm:rights rdf:resource="#statement_3000095353973"/>
                    <owl:sameAs rdf:resource="http://WebResource-owl-sameAs.eu"/>
                </edm:WebResource>
                <edm:WebResource
                    rdf:about="http://dams.llgc.org.uk/iiif/image/2.0/1294670/full/512,/0/default.jpg">
                    <dc:rights>WebResource - dc:rights</dc:rights>
                    <edm:rights rdf:resource="http://www.europeana.eu/rights/rr-f/"/>
                    <svcs:has_service rdf:resource="http://dams.llgc.org.uk/iiif/image/1294670"/>
                    <dcterms:isReferencedBy
                        rdf:resource="http://dams.llgc.org.uk/iiif/2.0/1294670/manifest.json"/>
                </edm:WebResource>
                <edm:WebResource
                    rdf:about="http://www.mimo-db.eu/media/MF-CAN/IMAGE/MFIM000021473.jpg">
                    <dc:rights>WebResource - dc:rights</dc:rights>
                    <edm:rights rdf:resource="http://www.europeana.eu/rights/rr-f/"/>
                </edm:WebResource>
                <edm:WebResource
                    rdf:about="http://www.mimo-db.eu/media/GNM/IMAGE/MIR146_1300188501138_2.jpg">
                    <dc:rights>WebResource - dc:rights</dc:rights>
                    <edm:rights rdf:resource="http://www.europeana.eu/rights/rr-r/"/>
                </edm:WebResource>
                <edm:WebResource
                    rdf:about="http://www.mimo-db.eu/media/MF-CAN/IMAGE/MFIM000021740.jpg">
                    <dc:rights>WebResource - dc:rights</dc:rights>
                    <edm:rights rdf:resource="http://www.europeana.eu/rights/test-orphan-work-test/"
                    />
                </edm:WebResource>
                <edm:WebResource
                    rdf:about="http://www.mimo-db.eu/media/MF-CAN/IMAGE/MFIM000021472.jpg">
                    <dc:rights>WebResource - dc:rights</dc:rights>
                    <edm:rights rdf:resource="http://www.europeana.eu/rights/test-orphan-work-test/"
                    />
                </edm:WebResource>
                <edm:WebResource rdf:about="http://www.mimo-db.eu/media/UEDIN/AUDIO/0032195s.mp3">
                    <edm:rights rdf:resource="http://creativecommons.org/licenses/by-nc-sa/3.0/"/>
                </edm:WebResource>
                <edm:Agent rdf:about="http://www.mimo-db.eu/InstrumentMaker/Corporation/194">
                    <skos:prefLabel xml:lang="fr">Courtois neveu aîné</skos:prefLabel>
                    <skos:altLabel xml:lang="en">Courtois</skos:altLabel>
                    <skos:altLabel xml:lang="en">Augte. Courtois aîné</skos:altLabel>
                    <skos:note>Agent - skos:note</skos:note>
                    <dc:date>Agent - dc:date</dc:date>
                    <dc:identifier>Agent - dc:identifier</dc:identifier>
                    <dcterms:hasPart rdf:resource="http://Agent-edm-hasPart"/>
                    <edm:begin>fl a 1803</edm:begin>
                    <edm:end>fl a 1862</edm:end>
                    <edm:hasMet rdf:resource="http://Agent-edm-hasMet"/>
                    <edm:isRelatedTo rdf:resource="http://Agent-edm-RelatedTo"/>
                    <foaf:name>Courtois neveu aîné</foaf:name>
                    <foaf:name>Courtois</foaf:name>
                    <foaf:name>Augte. Courtois aîné</foaf:name>
                    <rdaGr2:biographicalInformation>Agent -
                        rdaGr2:biographicalInformation</rdaGr2:biographicalInformation>
                    <rdaGr2:dateOfBirth>Agent - rdaGr2:dateOfBirth</rdaGr2:dateOfBirth>
                    <rdaGr2:dateOfDeath>Agent - rdaGr2:dateOfBirth</rdaGr2:dateOfDeath>
                    <rdaGr2:dateOfEstablishment>fl a 1803</rdaGr2:dateOfEstablishment>
                    <rdaGr2:dateOfTermination>fl a 1862</rdaGr2:dateOfTermination>
                    <rdaGr2:gender>male</rdaGr2:gender>
                    <rdaGr2:professionOrOccupation>music instrument
                        maker</rdaGr2:professionOrOccupation>
                    <owl:sameAs rdf:resource="http://Agent-owl-sameAs.eu"/>
                </edm:Agent>
                <edm:Place rdf:about="http://sws.geonames.org/3017382/">
                    <wgs84_pos:lat>46</wgs84_pos:lat>
                    <wgs84_pos:long>2</wgs84_pos:long>
                    <wgs84_pos:alt>70</wgs84_pos:alt>
                    <skos:prefLabel xml:lang="en">France</skos:prefLabel>
                    <skos:altLabel xml:lang="it">Francia</skos:altLabel>
                    <skos:note>Probably in Paris</skos:note>
                    <dcterms:hasPart rdf:resource="http://Place-edm-hasPart"/>
                    <dcterms:isPartOf rdf:resource="http://Place-edm-isPartOf"/>
                    <edm:isNextInSequence rdf:resource="http://Place-edm-isNextInSequence2.eu"/>
                    <owl:sameAs rdf:resource="http://Place-owl-sameAs.eu"/>
                </edm:Place>
                <edm:TimeSpan rdf:about="http://www.example.com/time/1930">
                    <skos:prefLabel>1930</skos:prefLabel>
                    <skos:altLabel xml:lang="en">20th century</skos:altLabel>
                    <skos:note>TimeSpan - skos:note</skos:note>
                    <dcterms:hasPart rdf:resource="http://TimeSpan-edm-hasPart"/>
                    <dcterms:isPartOf rdf:resource="http://TimeSpan-edm-isPartOf"/>
                    <edm:begin>1930-01-01</edm:begin>
                    <edm:end>1930-12-31</edm:end>
                    <edm:isNextInSequence rdf:resource="http://TimeSpan-edm-isNextInSequence2.eu"/>
                    <owl:sameAs rdf:resource="http://TimeSpan-owl-sameAs.eu"/>
                </edm:TimeSpan>
                <skos:Concept rdf:about="http://www.mimo-db.eu/InstrumentsKeywords/4378">
                    <skos:prefLabel xml:lang="en">Buccin</skos:prefLabel>
                    <skos:prefLabel xml:lang="fr">Buccin</skos:prefLabel>
                    <skos:prefLabel xml:lang="de">Buccin</skos:prefLabel>
                    <skos:prefLabel xml:lang="nl">Buccin</skos:prefLabel>
                    <skos:prefLabel xml:lang="sv">Buccin</skos:prefLabel>
                    <skos:prefLabel xml:lang="it">Buccin-trombone</skos:prefLabel>
                    <skos:altLabel>Concept - skos:altLabel</skos:altLabel>
                    <skos:broader rdf:resource="http://Concept-skos-narrower.eu"/>
                    <skos:narrower rdf:resource="http://Concept-skos-narrower.eu"/>
                    <skos:related rdf:resource="http://www.mimo-db.eu/HornbostelAndSachs/356"/>
                    <skos:broadMatch rdf:resource="http://Concept-skos-broadMatch.eu"/>
                    <skos:narrowMatch rdf:resource="http://Concept-skos-narrowMatch.eu"/>
                    <skos:relatedMatch rdf:resource="http://Concept-skos-relatedMatch.eu"/>
                    <skos:exactMatch rdf:resource="http://Concept-skos-exactMatch.eu"/>
                    <skos:closeMatch rdf:resource="http://Concept-skos-closeMatch.eu"/>
                    <skos:note>Concept - skos:note</skos:note>
                    <skos:notation>Concept - skos:notation</skos:notation>
                    <skos:inScheme rdf:resource="http://www.mimo-db.eu/InstrumentsKeywords/"/>
                </skos:Concept>
                <skos:Concept rdf:about="http://www.mimo-db.eu/HornbostelAndSachs/356">
                    <skos:prefLabel xml:lang="en">423.22 Labrosones with slides</skos:prefLabel>
                </skos:Concept>
                <skos:Concept rdf:about="http://www.mimo-db.eu/InstrumentsKeywords/4370">
                    <skos:prefLabel>Trumpets</skos:prefLabel>
                    <skos:inScheme rdf:resource="http://www.mimo-db.eu/InstrumentsKeywords/"/>
                </skos:Concept>
                <ore:Aggregation rdf:about="http://www.mimo-db.eu/UEDIN/214">
                    <edm:aggregatedCHO rdf:resource="#UEDIN:214"/>
                    <edm:dataProvider>University of Edinburgh</edm:dataProvider>
                    <edm:hasView rdf:resource="http://www.mimo-db.eu/media/UEDIN/VIDEO/0032195v.mpg"/>
                    <edm:hasView rdf:resource="http://www.mimo-db.eu/media/UEDIN/AUDIO/0032195s.mp3"/>
                    <edm:hasView
                        rdf:resource="http://www.mimo-db.eu/media/GNM/IMAGE/MIR146_1300188501138_2.jpg"/>
                    <edm:hasView
                        rdf:resource="http://www.mimo-db.eu/media/MF-CAN/IMAGE/MFIM000021740.jpg"/>
                    <edm:hasView
                        rdf:resource="http://www.mimo-db.eu/media/MF-CAN/IMAGE/MFIM000021472.jpg"/>
                    <edm:hasView
                        rdf:resource="http://www.mimo-db.eu/media/MF-CAN/IMAGE/MFIM000021473.jpg"/>
                    <edm:isShownAt rdf:resource="http://www.mimo-db.eu/UEDIN/214"/>
                    <edm:isShownBy
                        rdf:resource="http://dams.llgc.org.uk/iiif/image/2.0/1294670/full/512,/0/default.jpg"/>
                    <edm:object rdf:resource="http://www.mimo-db.eu/media/UEDIN/IMAGE/0032195c.jpg"/>
                    <edm:provider>MIMO - Musical Instrument Museums Online</edm:provider>
                    <dc:rights>aggregation - dc:rights</dc:rights>
                    <edm:rights rdf:resource="http://www.europeana.eu/rights/test-orphan-work-test/"/>
                    <edm:ugc>true</edm:ugc>
                    <edm:intermediateProvider>Name of the intermediate
                        provider</edm:intermediateProvider>
                    <edm:intermediateProvider
                        rdf:resource="http://Aggregation-edm-intermediateProvider"/>
                </ore:Aggregation>
                <cc:License rdf:about="#statement_3000095353973">
                    <odrl:inheritFrom
                        rdf:resource="http://www.europeana.eu/rights/out-of-copyright-non-commercial/"/>
                    <cc:deprecatedOn rdf:datatype="http://www.w3.org/2001/XMLSchema#date"
                        >2029-06-01</cc:deprecatedOn>
                </cc:License>
                <svcs:Service rdf:about="http://dams.llgc.org.uk/iiif/image/1294670">
                    <dcterms:conformsTo rdf:resource="http://iiif.io/api/image"/>
                    <doap:implements rdf:resource="http://iiif.io/api/image/2/level1.json"/>
                </svcs:Service>
            </record>
        </repox:metadata>
    </repox:record>
</repox:exportedRecords>
